{"frames": {

"actions/catchFish":
{
	"frame": {"x":2,"y":104,"w":50,"h":50},
	"rotated": false,
	"trimmed": false,
	"spriteSourceSize": {"x":0,"y":0,"w":50,"h":50},
	"sourceSize": {"w":50,"h":50},
	"pivot": {"x":0,"y":0}
},
"actions/forgeSpronge":
{
	"frame": {"x":54,"y":104,"w":50,"h":50},
	"rotated": false,
	"trimmed": false,
	"spriteSourceSize": {"x":0,"y":0,"w":50,"h":50},
	"sourceSize": {"w":50,"h":50},
	"pivot": {"x":0,"y":0}
},
"actions/fuseDelphinium":
{
	"frame": {"x":106,"y":104,"w":50,"h":50},
	"rotated": false,
	"trimmed": false,
	"spriteSourceSize": {"x":0,"y":0,"w":50,"h":50},
	"sourceSize": {"w":50,"h":50},
	"pivot": {"x":0,"y":0}
},
"actions/getAutoTransmuter":
{
	"frame": {"x":158,"y":104,"w":50,"h":50},
	"rotated": false,
	"trimmed": false,
	"spriteSourceSize": {"x":0,"y":0,"w":50,"h":50},
	"sourceSize": {"w":50,"h":50},
	"pivot": {"x":0,"y":0}
},
"actions/getBerrier":
{
	"frame": {"x":210,"y":104,"w":50,"h":50},
	"rotated": false,
	"trimmed": false,
	"spriteSourceSize": {"x":0,"y":0,"w":50,"h":50},
	"sourceSize": {"w":50,"h":50},
	"pivot": {"x":0,"y":0}
},
"actions/getBiologist":
{
	"frame": {"x":262,"y":104,"w":50,"h":50},
	"rotated": false,
	"trimmed": false,
	"spriteSourceSize": {"x":0,"y":0,"w":50,"h":50},
	"sourceSize": {"w":50,"h":50},
	"pivot": {"x":0,"y":0}
},
"actions/getBrood":
{
	"frame": {"x":314,"y":104,"w":50,"h":50},
	"rotated": false,
	"trimmed": false,
	"spriteSourceSize": {"x":0,"y":0,"w":50,"h":50},
	"sourceSize": {"w":50,"h":50},
	"pivot": {"x":0,"y":0}
},
"actions/getChorus":
{
	"frame": {"x":366,"y":104,"w":50,"h":50},
	"rotated": false,
	"trimmed": false,
	"spriteSourceSize": {"x":0,"y":0,"w":50,"h":50},
	"sourceSize": {"w":50,"h":50},
	"pivot": {"x":0,"y":0}
},
"actions/getClam":
{
	"frame": {"x":418,"y":104,"w":50,"h":50},
	"rotated": false,
	"trimmed": false,
	"spriteSourceSize": {"x":0,"y":0,"w":50,"h":50},
	"sourceSize": {"w":50,"h":50},
	"pivot": {"x":0,"y":0}
},
"actions/getCrab":
{
	"frame": {"x":470,"y":104,"w":50,"h":50},
	"rotated": false,
	"trimmed": false,
	"spriteSourceSize": {"x":0,"y":0,"w":50,"h":50},
	"sourceSize": {"w":50,"h":50},
	"pivot": {"x":0,"y":0}
},
"actions/getCrystalMiner":
{
	"frame": {"x":522,"y":104,"w":50,"h":50},
	"rotated": false,
	"trimmed": false,
	"spriteSourceSize": {"x":0,"y":0,"w":50,"h":50},
	"sourceSize": {"w":50,"h":50},
	"pivot": {"x":0,"y":0}
},
"actions/getDiver":
{
	"frame": {"x":574,"y":104,"w":50,"h":50},
	"rotated": false,
	"trimmed": false,
	"spriteSourceSize": {"x":0,"y":0,"w":50,"h":50},
	"sourceSize": {"w":50,"h":50},
	"pivot": {"x":0,"y":0}
},
"actions/getDolphin":
{
	"frame": {"x":626,"y":104,"w":50,"h":50},
	"rotated": false,
	"trimmed": false,
	"spriteSourceSize": {"x":0,"y":0,"w":50,"h":50},
	"sourceSize": {"w":50,"h":50},
	"pivot": {"x":0,"y":0}
},
"actions/getFishMachine":
{
	"frame": {"x":678,"y":104,"w":50,"h":50},
	"rotated": false,
	"trimmed": false,
	"spriteSourceSize": {"x":0,"y":0,"w":50,"h":50},
	"sourceSize": {"w":50,"h":50},
	"pivot": {"x":0,"y":0}
},
"actions/getHarvester":
{
	"frame": {"x":730,"y":104,"w":50,"h":50},
	"rotated": false,
	"trimmed": false,
	"spriteSourceSize": {"x":0,"y":0,"w":50,"h":50},
	"sourceSize": {"w":50,"h":50},
	"pivot": {"x":0,"y":0}
},
"actions/getJellyfish":
{
	"frame": {"x":782,"y":104,"w":50,"h":50},
	"rotated": false,
	"trimmed": false,
	"spriteSourceSize": {"x":0,"y":0,"w":50,"h":50},
	"sourceSize": {"w":50,"h":50},
	"pivot": {"x":0,"y":0}
},
"actions/getLaser":
{
	"frame": {"x":834,"y":104,"w":50,"h":50},
	"rotated": false,
	"trimmed": false,
	"spriteSourceSize": {"x":0,"y":0,"w":50,"h":50},
	"sourceSize": {"w":50,"h":50},
	"pivot": {"x":0,"y":0}
},
"actions/getLobster":
{
	"frame": {"x":886,"y":104,"w":50,"h":50},
	"rotated": false,
	"trimmed": false,
	"spriteSourceSize": {"x":0,"y":0,"w":50,"h":50},
	"sourceSize": {"w":50,"h":50},
	"pivot": {"x":0,"y":0}
},
"actions/getMaker":
{
	"frame": {"x":920,"y":2,"w":50,"h":50},
	"rotated": false,
	"trimmed": false,
	"spriteSourceSize": {"x":0,"y":0,"w":50,"h":50},
	"sourceSize": {"w":50,"h":50},
	"pivot": {"x":0,"y":0}
},
"actions/getManta":
{
	"frame": {"x":938,"y":54,"w":50,"h":50},
	"rotated": false,
	"trimmed": false,
	"spriteSourceSize": {"x":0,"y":0,"w":50,"h":50},
	"sourceSize": {"w":50,"h":50},
	"pivot": {"x":0,"y":0}
},
"actions/getNurse":
{
	"frame": {"x":972,"y":2,"w":50,"h":50},
	"rotated": false,
	"trimmed": false,
	"spriteSourceSize": {"x":0,"y":0,"w":50,"h":50},
	"sourceSize": {"w":50,"h":50},
	"pivot": {"x":0,"y":0}
},
"actions/getPhilosopher":
{
	"frame": {"x":938,"y":106,"w":50,"h":50},
	"rotated": false,
	"trimmed": false,
	"spriteSourceSize": {"x":0,"y":0,"w":50,"h":50},
	"sourceSize": {"w":50,"h":50},
	"pivot": {"x":0,"y":0}
},
"actions/getPlanter":
{
	"frame": {"x":990,"y":54,"w":50,"h":50},
	"rotated": false,
	"trimmed": false,
	"spriteSourceSize": {"x":0,"y":0,"w":50,"h":50},
	"sourceSize": {"w":50,"h":50},
	"pivot": {"x":0,"y":0}
},
"actions/getQueen":
{
	"frame": {"x":1024,"y":2,"w":50,"h":50},
	"rotated": false,
	"trimmed": false,
	"spriteSourceSize": {"x":0,"y":0,"w":50,"h":50},
	"sourceSize": {"w":50,"h":50},
	"pivot": {"x":0,"y":0}
},
"actions/getSandDigger":
{
	"frame": {"x":990,"y":106,"w":50,"h":50},
	"rotated": false,
	"trimmed": false,
	"spriteSourceSize": {"x":0,"y":0,"w":50,"h":50},
	"sourceSize": {"w":50,"h":50},
	"pivot": {"x":0,"y":0}
},
"actions/getScientist":
{
	"frame": {"x":1042,"y":54,"w":50,"h":50},
	"rotated": false,
	"trimmed": false,
	"spriteSourceSize": {"x":0,"y":0,"w":50,"h":50},
	"sourceSize": {"w":50,"h":50},
	"pivot": {"x":0,"y":0}
},
"actions/getSeaApple":
{
	"frame": {"x":1076,"y":2,"w":50,"h":50},
	"rotated": false,
	"trimmed": false,
	"spriteSourceSize": {"x":0,"y":0,"w":50,"h":50},
	"sourceSize": {"w":50,"h":50},
	"pivot": {"x":0,"y":0}
},
"actions/getShark":
{
	"frame": {"x":1042,"y":106,"w":50,"h":50},
	"rotated": false,
	"trimmed": false,
	"spriteSourceSize": {"x":0,"y":0,"w":50,"h":50},
	"sourceSize": {"w":50,"h":50},
	"pivot": {"x":0,"y":0}
},
"actions/getShrimp":
{
	"frame": {"x":1094,"y":54,"w":50,"h":50},
	"rotated": false,
	"trimmed": false,
	"spriteSourceSize": {"x":0,"y":0,"w":50,"h":50},
	"sourceSize": {"w":50,"h":50},
	"pivot": {"x":0,"y":0}
},
"actions/getTreasurer":
{
	"frame": {"x":1128,"y":2,"w":50,"h":50},
	"rotated": false,
	"trimmed": false,
	"spriteSourceSize": {"x":0,"y":0,"w":50,"h":50},
	"sourceSize": {"w":50,"h":50},
	"pivot": {"x":0,"y":0}
},
"actions/getWhale":
{
	"frame": {"x":1094,"y":106,"w":50,"h":50},
	"rotated": false,
	"trimmed": false,
	"spriteSourceSize": {"x":0,"y":0,"w":50,"h":50},
	"sourceSize": {"w":50,"h":50},
	"pivot": {"x":0,"y":0}
},
"actions/getWorker":
{
	"frame": {"x":1146,"y":54,"w":50,"h":50},
	"rotated": false,
	"trimmed": false,
	"spriteSourceSize": {"x":0,"y":0,"w":50,"h":50},
	"sourceSize": {"w":50,"h":50},
	"pivot": {"x":0,"y":0}
},
"actions/jellyfishToScience":
{
	"frame": {"x":1180,"y":2,"w":50,"h":50},
	"rotated": false,
	"trimmed": false,
	"spriteSourceSize": {"x":0,"y":0,"w":50,"h":50},
	"sourceSize": {"w":50,"h":50},
	"pivot": {"x":0,"y":0}
},
"actions/pearlConversion":
{
	"frame": {"x":1146,"y":106,"w":50,"h":50},
	"rotated": false,
	"trimmed": false,
	"spriteSourceSize": {"x":0,"y":0,"w":50,"h":50},
	"sourceSize": {"w":50,"h":50},
	"pivot": {"x":0,"y":0}
},
"actions/prySponge":
{
	"frame": {"x":1198,"y":54,"w":50,"h":50},
	"rotated": false,
	"trimmed": false,
	"spriteSourceSize": {"x":0,"y":0,"w":50,"h":50},
	"sourceSize": {"w":50,"h":50},
	"pivot": {"x":0,"y":0}
},
"actions/seaApplesToScience":
{
	"frame": {"x":1232,"y":2,"w":50,"h":50},
	"rotated": false,
	"trimmed": false,
	"spriteSourceSize": {"x":0,"y":0,"w":50,"h":50},
	"sourceSize": {"w":50,"h":50},
	"pivot": {"x":0,"y":0}
},
"actions/smeltCoralglass":
{
	"frame": {"x":1198,"y":106,"w":50,"h":50},
	"rotated": false,
	"trimmed": false,
	"spriteSourceSize": {"x":0,"y":0,"w":50,"h":50},
	"sourceSize": {"w":50,"h":50},
	"pivot": {"x":0,"y":0}
},
"actions/spongeToScience":
{
	"frame": {"x":1250,"y":54,"w":50,"h":50},
	"rotated": false,
	"trimmed": false,
	"spriteSourceSize": {"x":0,"y":0,"w":50,"h":50},
	"sourceSize": {"w":50,"h":50},
	"pivot": {"x":0,"y":0}
},
"actions/transmuteSharkonium":
{
	"frame": {"x":1284,"y":2,"w":50,"h":50},
	"rotated": false,
	"trimmed": false,
	"spriteSourceSize": {"x":0,"y":0,"w":50,"h":50},
	"sourceSize": {"w":50,"h":50},
	"pivot": {"x":0,"y":0}
},
"general/missing-action":
{
	"frame": {"x":1250,"y":106,"w":50,"h":50},
	"rotated": false,
	"trimmed": false,
	"spriteSourceSize": {"x":0,"y":0,"w":50,"h":50},
	"sourceSize": {"w":50,"h":50},
	"pivot": {"x":0,"y":0}
},
"general/missing-artifact":
{
	"frame": {"x":1302,"y":54,"w":50,"h":50},
	"rotated": false,
	"trimmed": false,
	"spriteSourceSize": {"x":0,"y":0,"w":50,"h":50},
	"sourceSize": {"w":50,"h":50},
	"pivot": {"x":0,"y":0}
},
"general/missing-technology":
{
	"frame": {"x":1336,"y":2,"w":50,"h":50},
	"rotated": false,
	"trimmed": false,
	"spriteSourceSize": {"x":0,"y":0,"w":50,"h":50},
	"sourceSize": {"w":50,"h":50},
	"pivot": {"x":0,"y":0}
},
"planets/abandoned":
{
	"frame": {"x":2,"y":2,"w":100,"h":100},
	"rotated": false,
	"trimmed": false,
	"spriteSourceSize": {"x":0,"y":0,"w":100,"h":100},
	"sourceSize": {"w":100,"h":100},
	"pivot": {"x":0,"y":0}
},
"planets/chaotic":
{
	"frame": {"x":104,"y":2,"w":100,"h":100},
	"rotated": false,
	"trimmed": false,
	"spriteSourceSize": {"x":0,"y":0,"w":100,"h":100},
	"sourceSize": {"w":100,"h":100},
	"pivot": {"x":0,"y":0}
},
"planets/frigid":
{
	"frame": {"x":206,"y":2,"w":100,"h":100},
	"rotated": false,
	"trimmed": false,
	"spriteSourceSize": {"x":0,"y":0,"w":100,"h":100},
	"sourceSize": {"w":100,"h":100},
	"pivot": {"x":0,"y":0}
},
"planets/haven":
{
	"frame": {"x":308,"y":2,"w":100,"h":100},
	"rotated": false,
	"trimmed": false,
	"spriteSourceSize": {"x":0,"y":0,"w":100,"h":100},
	"sourceSize": {"w":100,"h":100},
	"pivot": {"x":0,"y":0}
},
"planets/marine":
{
	"frame": {"x":410,"y":2,"w":100,"h":100},
	"rotated": false,
	"trimmed": false,
	"spriteSourceSize": {"x":0,"y":0,"w":100,"h":100},
	"sourceSize": {"w":100,"h":100},
	"pivot": {"x":0,"y":0}
},
"planets/missing":
{
	"frame": {"x":512,"y":2,"w":100,"h":100},
	"rotated": false,
	"trimmed": false,
	"spriteSourceSize": {"x":0,"y":0,"w":100,"h":100},
	"sourceSize": {"w":100,"h":100},
	"pivot": {"x":0,"y":0}
},
"planets/shrouded":
{
	"frame": {"x":614,"y":2,"w":100,"h":100},
	"rotated": false,
	"trimmed": false,
	"spriteSourceSize": {"x":0,"y":0,"w":100,"h":100},
	"sourceSize": {"w":100,"h":100},
	"pivot": {"x":0,"y":0}
},
"planets/tempestuous":
{
	"frame": {"x":716,"y":2,"w":100,"h":100},
	"rotated": false,
	"trimmed": false,
	"spriteSourceSize": {"x":0,"y":0,"w":100,"h":100},
	"sourceSize": {"w":100,"h":100},
	"pivot": {"x":0,"y":0}
},
"planets/violent":
{
	"frame": {"x":818,"y":2,"w":100,"h":100},
	"rotated": false,
	"trimmed": false,
	"spriteSourceSize": {"x":0,"y":0,"w":100,"h":100},
	"sourceSize": {"w":100,"h":100},
	"pivot": {"x":0,"y":0}
},
"technologies/automation":
{
	"frame": {"x":1302,"y":106,"w":50,"h":50},
	"rotated": false,
	"trimmed": false,
	"spriteSourceSize": {"x":0,"y":0,"w":50,"h":50},
	"sourceSize": {"w":50,"h":50},
	"pivot": {"x":0,"y":0}
},
"technologies/biology":
{
	"frame": {"x":1354,"y":54,"w":50,"h":50},
	"rotated": false,
	"trimmed": false,
	"spriteSourceSize": {"x":0,"y":0,"w":50,"h":50},
	"sourceSize": {"w":50,"h":50},
	"pivot": {"x":0,"y":0}
},
"technologies/crabBiology":
{
	"frame": {"x":1388,"y":2,"w":50,"h":50},
	"rotated": false,
	"trimmed": false,
	"spriteSourceSize": {"x":0,"y":0,"w":50,"h":50},
	"sourceSize": {"w":50,"h":50},
	"pivot": {"x":0,"y":0}
},
"technologies/crystalBite":
{
	"frame": {"x":1354,"y":106,"w":50,"h":50},
	"rotated": false,
	"trimmed": false,
	"spriteSourceSize": {"x":0,"y":0,"w":50,"h":50},
	"sourceSize": {"w":50,"h":50},
	"pivot": {"x":0,"y":0}
},
"technologies/crystalContainer":
{
	"frame": {"x":1406,"y":54,"w":50,"h":50},
	"rotated": false,
	"trimmed": false,
	"spriteSourceSize": {"x":0,"y":0,"w":50,"h":50},
	"sourceSize": {"w":50,"h":50},
	"pivot": {"x":0,"y":0}
},
"technologies/crystalSpade":
{
	"frame": {"x":1440,"y":2,"w":50,"h":50},
	"rotated": false,
	"trimmed": false,
	"spriteSourceSize": {"x":0,"y":0,"w":50,"h":50},
	"sourceSize": {"w":50,"h":50},
	"pivot": {"x":0,"y":0}
},
"technologies/engineering":
{
	"frame": {"x":1406,"y":106,"w":50,"h":50},
	"rotated": false,
	"trimmed": false,
	"spriteSourceSize": {"x":0,"y":0,"w":50,"h":50},
	"sourceSize": {"w":50,"h":50},
	"pivot": {"x":0,"y":0}
},
"technologies/exploration":
{
	"frame": {"x":1458,"y":54,"w":50,"h":50},
	"rotated": false,
	"trimmed": false,
	"spriteSourceSize": {"x":0,"y":0,"w":50,"h":50},
	"sourceSize": {"w":50,"h":50},
	"pivot": {"x":0,"y":0}
},
"technologies/farExploration":
{
	"frame": {"x":1492,"y":2,"w":50,"h":50},
	"rotated": false,
	"trimmed": false,
	"spriteSourceSize": {"x":0,"y":0,"w":50,"h":50},
	"sourceSize": {"w":50,"h":50},
	"pivot": {"x":0,"y":0}
},
"technologies/gateDiscovery":
{
	"frame": {"x":1458,"y":106,"w":50,"h":50},
	"rotated": false,
	"trimmed": false,
	"spriteSourceSize": {"x":0,"y":0,"w":50,"h":50},
	"sourceSize": {"w":50,"h":50},
	"pivot": {"x":0,"y":0}
},
"technologies/kelpHorticulture":
{
	"frame": {"x":1510,"y":54,"w":50,"h":50},
	"rotated": false,
	"trimmed": false,
	"spriteSourceSize": {"x":0,"y":0,"w":50,"h":50},
	"sourceSize": {"w":50,"h":50},
	"pivot": {"x":0,"y":0}
},
"technologies/laserRays":
{
	"frame": {"x":1544,"y":2,"w":50,"h":50},
	"rotated": false,
	"trimmed": false,
	"spriteSourceSize": {"x":0,"y":0,"w":50,"h":50},
	"sourceSize": {"w":50,"h":50},
	"pivot": {"x":0,"y":0}
},
"technologies/rayBiology":
{
	"frame": {"x":1510,"y":106,"w":50,"h":50},
	"rotated": false,
	"trimmed": false,
	"spriteSourceSize": {"x":0,"y":0,"w":50,"h":50},
	"sourceSize": {"w":50,"h":50},
	"pivot": {"x":0,"y":0}
},
"technologies/recyclerDiscovery":
{
	"frame": {"x":1562,"y":54,"w":50,"h":50},
	"rotated": false,
	"trimmed": false,
	"spriteSourceSize": {"x":0,"y":0,"w":50,"h":50},
	"sourceSize": {"w":50,"h":50},
	"pivot": {"x":0,"y":0}
},
"technologies/seabedGeology":
{
	"frame": {"x":1596,"y":2,"w":50,"h":50},
	"rotated": false,
	"trimmed": false,
	"spriteSourceSize": {"x":0,"y":0,"w":50,"h":50},
	"sourceSize": {"w":50,"h":50},
	"pivot": {"x":0,"y":0}
},
"technologies/statsDiscovery":
{
	"frame": {"x":1562,"y":106,"w":50,"h":50},
	"rotated": false,
	"trimmed": false,
	"spriteSourceSize": {"x":0,"y":0,"w":50,"h":50},
	"sourceSize": {"w":50,"h":50},
	"pivot": {"x":0,"y":0}
},
"technologies/sunObservation":
{
	"frame": {"x":1648,"y":2,"w":50,"h":50},
	"rotated": false,
	"trimmed": false,
	"spriteSourceSize": {"x":0,"y":0,"w":50,"h":50},
	"sourceSize": {"w":50,"h":50},
	"pivot": {"x":0,"y":0}
},
"technologies/thermalVents":
{
	"frame": {"x":1614,"y":54,"w":50,"h":50},
	"rotated": false,
	"trimmed": false,
	"spriteSourceSize": {"x":0,"y":0,"w":50,"h":50},
	"sourceSize": {"w":50,"h":50},
	"pivot": {"x":0,"y":0}
},
"technologies/transmutation":
{
	"frame": {"x":1614,"y":106,"w":50,"h":50},
	"rotated": false,
	"trimmed": false,
	"spriteSourceSize": {"x":0,"y":0,"w":50,"h":50},
	"sourceSize": {"w":50,"h":50},
	"pivot": {"x":0,"y":0}
},
"technologies/underwaterChemistry":
{
	"frame": {"x":1666,"y":54,"w":50,"h":50},
	"rotated": false,
	"trimmed": false,
	"spriteSourceSize": {"x":0,"y":0,"w":50,"h":50},
	"sourceSize": {"w":50,"h":50},
	"pivot": {"x":0,"y":0}
},
"technologies/xenobiology":
{
	"frame": {"x":1666,"y":106,"w":50,"h":50},
	"rotated": false,
	"trimmed": false,
	"spriteSourceSize": {"x":0,"y":0,"w":50,"h":50},
	"sourceSize": {"w":50,"h":50},
	"pivot": {"x":0,"y":0}
}},
"meta": {
	"app": "http://www.codeandweb.com/texturepacker",
	"version": "1.0",
	"image": "sharksprites.png",
	"format": "RGBA8888",
	"size": {"w":1718,"h":158},
	"scale": "1",
	"smartupdate": "$TexturePacker:SmartUpdate:95ae69fa6ab4c28dc22ce8f3613716c9:e75369f0a6dbecb0c113880625d73d21:2f2abb5c9709e31e381278f40f4006d0$"
}
}
